company,year,scope1_tCO2e,scope2_tCO2e,scope3_tCO2e,total_tCO2e,energy_MWh,water_m3,female_pct,employee_count,source
Nordic Retail AB,2024,1200,800,5400,7400,18500,92000,46,3200,Annual report page 52
Nordic Retail AB,2025,1400,900,6100,8300,20100,98000,48,3350,Sustainability report page 18
Green Steel Co,2024,18000,12000,5000,35000,980000,21000,22,1800,Annual report page 77
Green Steel Co,2025,17500,12500,5200,35200,1005000,22000,23,1900,Sustainability report page 12
Fintech Services Group,2024,55,40,220,315,2100,1200,51,420,ESG note page 9
Fintech Services Group,2025,60,45,230,310,2250,1250,52,440,ESG note page 10
Edge Case Inc,2025,10,8,15,200,900,1100,110,0,Sustainability report page 5
